letter	frequency
Normal              79.798792
Generic             14.061808
Exploits             2.599519
 Fuzzers             1.224880
DoS                  1.115118
 Reconnaissance      0.802194
Analysis             0.152258
Backdoor             0.151349
 Shellcode           0.084310
Worms                0.009772
